IID	PRS
1	0.7691979877499108
2	0.540824693036656
3	0.26826425539294463
4	0.733030721334873
5	0.0073315085486058695
6	0.8960905447485096
7	0.20920712776156858
8	0.8413234965408011
9	0.4878866241249622
10	0.8846040559206438
11	0.488065087270769
12	0.49451055174762837
13	0.2094201517943991
14	0.2621881360813587
15	0.6234512639946268
16	0.45518072408254207
17	0.9088484088644343
18	0.5549923459071615
19	0.703098876096596
20	0.2051949544912982
21	0.2644763042373123
22	0.41697334064788594
23	0.026123872851089747
24	0.7090279220637562
25	0.4197782695389143
26	0.020042648764431514
27	0.6779012177239421
28	0.36493875927554076
29	0.22534953945136493
30	0.5090010027717701
31	0.14443024398515147
32	0.9410353975379161
33	0.015936433652146365
34	0.7278934984274035
35	0.8585361195870658
36	0.8727652054919555
37	0.5284065440430642
38	0.40841077734630393
39	0.7425485752222045
40	0.80041975407192
41	0.2694825371672692
42	0.26418620539695514
43	0.24776276007443354
44	0.8601293168804773
45	0.9475496408939312
46	0.1540113346811094
47	0.9453893286742516
48	0.5033195838866129
49	0.32233959235494003
50	0.7599568696076389
51	0.9254786361604154
52	0.26051744673573085
53	0.08258403571946071
54	0.053528109550113
55	0.8051263631992861
56	0.31172871057546714
57	0.6500659237024757
58	0.1714198223450768
59	0.8001108798624738
60	0.40250834314536
61	0.06040716813355995
62	0.6024398154538736
63	0.17427870674180068
64	0.42956401337012706
65	0.41846399950122304
66	0.9282627623271036
67	0.9283659924741071
68	0.31155852147103
69	0.25064275513904455
70	0.8706401565678569
71	0.6859688543643087
72	0.32089767044450146
73	0.6694029462121013
74	0.9400056276176092
75	0.8133641454655881
76	0.05719820305014256
77	0.9785829739077141
78	0.9007191200468986
79	0.3927243966621393
80	0.8914335415047049
81	0.4738773480572992
82	0.7596996443042733
83	0.8279349143368132
84	0.1350882529509374
85	0.33206146644855716
86	0.04275684111415434
87	0.06944861711891037
88	0.6169898372733321
89	0.5922920990753759
90	0.961928152122732
91	0.25069695786415136
92	0.9351028741172145
93	0.4751602831034093
94	0.6823524940331293
95	0.0423843533949293
96	0.9617179609714255
97	0.21912027700465075
98	0.26267733568740925
99	0.771970038024193
100	0.8740560234987377
