IID	PRS
1	0.3745401188473625
2	0.9507143064099162
3	0.7319939418114051
4	0.5986584841970366
5	0.15601864044243652
6	0.15599452033620265
7	0.05808361216819946
8	0.8661761457749352
9	0.6011150117432088
10	0.7080725777960455
11	0.020584494295802447
12	0.9699098521619943
13	0.8324426408004217
14	0.21233911067827616
15	0.18182496720710062
16	0.18340450985343382
17	0.3042422429595377
18	0.5247564316322378
19	0.43194501864211576
20	0.2912291401980419
21	0.6118528947223795
22	0.13949386065204183
23	0.29214464853521815
24	0.3663618432936917
25	0.45606998421703593
26	0.7851759613930136
27	0.19967378215835974
28	0.5142344384136116
29	0.5924145688620425
30	0.046450412719997725
31	0.6075448519014384
32	0.17052412368729153
33	0.06505159298527952
34	0.9488855372533332
35	0.9656320330745594
36	0.8083973481164611
37	0.3046137691733707
38	0.09767211400638387
39	0.6842330265121569
40	0.4401524937396013
41	0.12203823484477883
42	0.4951769101112702
43	0.034388521115218396
44	0.9093204020787821
45	0.2587799816000169
46	0.662522284353982
47	0.31171107608941095
48	0.5200680211778108
49	0.5467102793432796
50	0.18485445552552704
51	0.9695846277645586
52	0.7751328233611146
53	0.9394989415641891
54	0.8948273504276488
55	0.5978999788110851
56	0.9218742350231168
57	0.0884925020519195
58	0.1959828624191452
59	0.045227288910538066
60	0.32533033076326434
61	0.388677289689482
62	0.2713490317738959
63	0.8287375091519293
64	0.3567533266935893
65	0.28093450968738076
66	0.5426960831582485
67	0.14092422497476265
68	0.8021969807540397
69	0.07455064367977082
70	0.9868869366005173
71	0.7722447692966574
72	0.1987156815341724
73	0.005522117123602399
74	0.8154614284548342
75	0.7068573438476171
76	0.7290071680409873
77	0.7712703466859457
78	0.07404465173409036
79	0.3584657285442726
80	0.11586905952512971
81	0.8631034258755935
82	0.6232981268275579
83	0.3308980248526492
84	0.06355835028602363
85	0.3109823217156622
86	0.32518332202674705
87	0.7296061783380641
88	0.6375574713552131
89	0.8872127425763265
90	0.4722149251619493
91	0.1195942459383017
92	0.713244787222995
93	0.7607850486168974
94	0.5612771975694962
95	0.770967179954561
96	0.49379559636439074
97	0.5227328293819941
98	0.42754101835854963
99	0.02541912674409519
100	0.10789142699330445
